{"correctHistory": [0.0, 0.1, 0.1, 0.2, 0.0, 0.1, 0.2, 0.2, 0.3, 0.2, 0.3, 0.1, 0.1, 0.0, 0.1, 0.0, 0.1, 0.0, 0.2, 0.0, 0.1, 0.1, 0.1, 0.1, 0.1, 0.1, 0.1, 0.1, 0.1, 0.3, 0.0, 0.1, 0.2, 0.2, 0.3, 0.3, 0.3, 0.1, 0.1, 0.1, 0.2, 0.0, 0.3, 0.4, 0.1, 0.2, 0.1, 0.2, 0.0, 0.2, 0.1, 0.2, 0.4, 0.3, 0.0, 0.1, 0.0, 0.2, 0.0, 0.0, 0.2, 0.0, 0.0, 0.2, 0.0, 0.3, 0.1, 0.1, 0.0, 0.2, 0.2, 0.3, 0.0, 0.3, 0.3, 0.0, 0.3, 0.2, 0.1, 0.0, 0.0, 0.3, 0.2, 0.3, 0.2, 0.3, 0.1, 0.1, 0.2, 0.2, 0.2, 0.1, 0.5, 0.1, 0.4, 0.2, 0.3, 0.1, 0.4, 0.2, 0.4, 0.1, 0.4, 0.1, 0.5, 0.3, 0.4, 0.0, 0.2, 0.5, 0.4, 0.3, 0.1, 0.4, 0.3, 0.2, 0.1, 0.1, 0.1, 0.1, 0.2, 0.3, 0.1, 0.3, 0.2, 0.4, 0.4, 0.1, 0.6, 0.5, 0.4, 0.2, 0.5, 0.2, 0.1, 0.5, 0.5, 0.5, 0.2, 0.4, 0.3, 0.4, 0.4, 0.3, 0.3, 0.7, 0.1, 0.7, 0.3, 0.4, 0.4, 0.5, 0.5, 0.3, 0.2, 0.0, 0.4, 0.2, 0.5, 0.3, 0.5, 0.6, 0.3, 0.1, 0.3, 0.6, 0.4, 0.3, 0.6, 0.2, 0.3, 0.2, 0.1, 0.4, 0.7, 0.2, 0.5, 0.3, 0.1, 0.2, 0.3, 0.5, 0.5, 0.3, 0.5, 0.5, 0.3, 0.6, 0.5, 0.5, 0.3, 0.6, 0.2, 0.5, 0.3, 0.7, 0.5, 0.3, 0.3, 0.4, 0.5, 0.2, 0.6, 0.2, 0.5, 0.7, 0.5, 0.6, 0.3, 0.3, 0.5, 0.2, 0.5, 0.4, 0.8, 0.4, 0.5, 0.7, 0.6, 0.2, 0.7, 0.4, 0.6, 0.4, 0.4, 0.2, 0.1, 0.5, 0.3, 0.6, 0.0, 0.6, 0.6, 0.4, 0.3, 0.6, 0.3, 0.2, 0.6, 0.2, 0.4, 0.4, 0.2, 0.4, 0.4, 0.4, 0.7, 0.1, 0.4, 0.7, 0.2, 0.6, 0.3, 0.5, 0.3, 0.4, 0.2, 0.6, 0.2, 0.4, 0.3, 0.4, 0.3, 0.4, 0.3, 0.4, 0.5, 0.5, 0.3, 0.4, 0.3, 0.5], "accuracyHistory": [0.0, 0.09090909090909091, 0.09523809523809523, 0.12903225806451613, 0.0975609756097561, 0.09803921568627451, 0.11475409836065574, 0.1267605633802817, 0.14814814814814814, 0.15384615384615385, 0.16831683168316833, 0.16216216216216217, 0.15702479338842976, 0.1450381679389313, 0.14184397163120568, 0.13245033112582782, 0.13043478260869565, 0.12280701754385964, 0.1270718232044199, 0.12041884816753927, 0.11940298507462686, 0.11848341232227488, 0.11764705882352941, 0.11688311688311688, 0.11618257261410789, 0.11553784860557768, 0.11494252873563218, 0.11439114391143912, 0.11387900355871886, 0.12027491408934708, 0.11627906976744186, 0.1157556270096463, 0.11838006230529595, 0.12084592145015106, 0.12609970674486803, 0.13105413105413105, 0.13573407202216067, 0.1347708894878706, 0.13385826771653545, 0.1329923273657289, 0.13466334164588528, 0.13138686131386862, 0.13539192399049882, 0.14153132250580047, 0.14058956916099774, 0.1419068736141907, 0.14099783080260303, 0.14225053078556263, 0.1392931392931393, 0.14052953156822812, 0.13972055888223553, 0.14090019569471623, 0.14587332053742802, 0.1487758945386064, 0.14602587800369685, 0.14519056261343014, 0.14260249554367202, 0.1436077057793345, 0.14113597246127366, 0.13874788494077833, 0.13976705490848584, 0.13747954173486088, 0.13526570048309178, 0.13629160063391443, 0.13416536661466458, 0.13671274961597543, 0.1361573373676248, 0.13561847988077497, 0.13362701908957417, 0.1345875542691751, 0.1355206847360913, 0.13783403656821377, 0.13592233009708737, 0.1381668946648427, 0.14035087719298245, 0.1384820239680426, 0.14060446780551905, 0.14137483787289234, 0.14084507042253522, 0.1390644753476612, 0.1373283395755306, 0.13933415536374846, 0.14007308160779536, 0.14199759326113118, 0.1426872770511296, 0.1445358401880141, 0.1440185830429733, 0.14351320321469574, 0.1441543700340522, 0.1447811447811448, 0.1453940066592675, 0.14489571899012074, 0.1487513572204126, 0.14822771213748656, 0.15090329436769395, 0.15141955835962145, 0.1529656607700312, 0.15242018537590113, 0.15494393476044852, 0.15539858728557013, 0.15784215784215785, 0.1572700296735905, 0.15964740450538686, 0.15906886517943744, 0.16234390009606148, 0.1636536631779258, 0.16588124410933083, 0.16433239962651727, 0.16466234967622573, 0.1677360219981668, 0.16984559491371481, 0.171017101710171, 0.1703835860838537, 0.1724137931034483, 0.17353198948290974, 0.1737619461337967, 0.1731266149870801, 0.17250213492741248, 0.1718882303132938, 0.1712846347607053, 0.17152373022481265, 0.17258464079273328, 0.171990171990172, 0.17303005686433795, 0.17324738114423852, 0.1750599520383693, 0.17684377478191912, 0.17623918174665618, 0.1795472287275566, 0.1820294345468629, 0.18370484242890084, 0.18382913806254766, 0.186222558667676, 0.18632607062359127, 0.18568232662192394, 0.18800888230940044, 0.19030124908155768, 0.1925601750547046, 0.19261404779145547, 0.19410496046010065, 0.1948608137044968, 0.19631467044649184, 0.19774806474313864, 0.1984626135569532, 0.1991672449687717, 0.20261888352860097, 0.20191649555099248, 0.2053025152957172, 0.20594193112761647, 0.20724346076458752, 0.20852764823451034, 0.21045665122435472, 0.2123602892833662, 0.21293272370999347, 0.21284879948085658, 0.21147646679561574, 0.21268417680973734, 0.2126034373010821, 0.2144212523719165, 0.21495914519170334, 0.21673953778888194, 0.2191185599006828, 0.21961752004935226, 0.21888412017167383, 0.21937842778793418, 0.2216838279830406, 0.22275737507525586, 0.2232196289646918, 0.22546103509815585, 0.2253104671791839, 0.2257495590828924, 0.2255990648743425, 0.22486926205694363, 0.22588099364529174, 0.22860425043078691, 0.2284408909194746, 0.22998296422487224, 0.23037831733483907, 0.22964626614261652, 0.22948073701842547, 0.22987229317046085, 0.23136388735505245, 0.2328390993959363, 0.23320589841616604, 0.23465507876154265, 0.2360886007563479, 0.23643202579258463, 0.23837520042757884, 0.23976608187134502, 0.24114225277630882, 0.24145186743819042, 0.24332810047095763, 0.2431025507548152, 0.24443293630243398, 0.24471921689850593, 0.24705279343926193, 0.24834268230494647, 0.24860476915271434, 0.24886420999495204, 0.24962330487192366, 0.25087456271864067, 0.2506215813028344, 0.25235032162295895, 0.25209256523879864, 0.25330720235178833, 0.2554851292052657, 0.2566715186802523, 0.25832930951231287, 0.2585295530994714, 0.258727881396461, 0.2598762494050452, 0.25959261013737567, 0.2607260726072607, 0.2613796339746598, 0.2638953759925269, 0.26452812645281265, 0.26561776955113375, 0.2676186089359742, 0.2691425951398441, 0.2688270196257417, 0.2707860063607451, 0.27137042062415195, 0.2728500675371454, 0.27341999103541015, 0.2739848282016957, 0.27365615282096845, 0.27288810260946483, 0.27388815499779834, 0.2740026304252521, 0.2754255783500655, 0.2742285962624946, 0.27563825183903073, 0.2770357604480827, 0.2775632775632776, 0.2776591200341734, 0.27903019991492983, 0.2791190173655231, 0.27878532264867145, 0.28013439731205375, 0.2797992471769134, 0.28029987505206166, 0.2807963500622149, 0.2804626187525816, 0.2809543397778692, 0.28144203195411716, 0.28192574459404324, 0.28362454286875255, 0.282881424524484, 0.28335348649738007, 0.28502609393817746, 0.28468612554978007, 0.28594185583432896, 0.28599761999206663, 0.2868431450019755, 0.28689492325855964, 0.28733829870638966, 0.28699726669269815, 0.2882147024504084, 0.28787291747384736, 0.28830567348514086, 0.28835063437139563, 0.28877824588280354, 0.28882106066386876, 0.28924363359939187, 0.28928436198409696, 0.2897019992455677, 0.2904922961292747, 0.291276675402471, 0.29130921298023127, 0.2917131178000743, 0.29174379859311367, 0.2925119881962375], "correct": 0.5, "accuracy": 0.2925119881962375}