{"correctHistory": [0.1, 0.05, 0.05, 0.15, 0.05, 0.2, 0.1, 0.15, 0.35, 0.15, 0.1, 0.1, 0.05, 0.05, 0.15, 0.05, 0.3, 0.1, 0.2, 0.2, 0.1, 0.05, 0.2, 0.2, 0.1, 0.1, 0.15, 0.15, 0.05, 0.2, 0.1, 0.25, 0.2, 0.05, 0.05, 0.1, 0.05, 0.05, 0.2, 0.1, 0.1, 0.35, 0.1, 0.1, 0.05, 0.25, 0.15, 0.25, 0.2, 0.45, 0.15, 0.1, 0.35, 0.1, 0.2, 0.3, 0.2, 0.05, 0.1, 0.15, 0.0, 0.05, 0.05, 0.35, 0.3, 0.6, 0.15, 0.2, 0.15, 0.2, 0.3, 0.2, 0.2, 0.2, 0.05, 0.2, 0.25, 0.1, 0.25, 0.25, 0.5, 0.4, 0.25, 0.3, 0.5, 0.3, 0.2, 0.25, 0.3, 0.3, 0.1, 0.4, 0.4, 0.35, 0.35, 0.4, 0.2, 0.45, 0.25, 0.25, 0.35, 0.25, 0.35, 0.5, 0.3, 0.15, 0.55, 0.5, 0.35, 0.35, 0.7, 0.3, 0.35, 0.25, 0.25, 0.2, 0.35, 0.4, 0.55, 0.5, 0.3, 0.35, 0.35, 0.25, 0.3, 0.25, 0.2, 0.25, 0.3, 0.2, 0.1, 0.25, 0.1, 0.3, 0.25, 0.3, 0.35, 0.2, 0.35, 0.35, 0.45, 0.2, 0.35, 0.35, 0.2, 0.45, 0.35, 0.5, 0.3, 0.35, 0.35, 0.4, 0.35, 0.4, 0.45, 0.25, 0.6, 0.3, 0.1, 0.3, 0.25, 0.4, 0.3, 0.35, 0.45, 0.35, 0.35, 0.15, 0.5, 0.4, 0.5, 0.4, 0.55, 0.5, 0.1, 0.3, 0.2], "accuracyHistory": [0.09523809523809523, 0.07317073170731707, 0.06557377049180328, 0.08641975308641975, 0.07920792079207921, 0.09917355371900827, 0.09929078014184398, 0.10559006211180125, 0.13259668508287292, 0.13432835820895522, 0.13122171945701358, 0.12863070539419086, 0.12260536398467432, 0.11743772241992882, 0.11960132890365449, 0.11526479750778816, 0.12609970674486803, 0.12465373961218837, 0.12860892388451445, 0.13216957605985039, 0.13064133016627077, 0.12698412698412698, 0.1301518438177874, 0.13305613305613306, 0.1317365269461078, 0.13051823416506717, 0.13123844731977818, 0.1319073083778966, 0.12908777969018934, 0.1314475873544093, 0.13043478260869565, 0.13416536661466458, 0.1361573373676248, 0.13362701908957417, 0.1312410841654779, 0.130374479889043, 0.1282051282051282, 0.12614980289093297, 0.12804097311139565, 0.12734082397003746, 0.12667478684531058, 0.13198573127229488, 0.13124274099883856, 0.13053348467650397, 0.12874583795782463, 0.13137893593919653, 0.13177470775770456, 0.13423517169614985, 0.13557594291539246, 0.14185814185814186, 0.14201762977473065, 0.14121037463976946, 0.14514608859566447, 0.14431082331174838, 0.14532243415077203, 0.1480820695807315, 0.14899211218229624, 0.14728682170542637, 0.14648602878916173, 0.14654454621149043, 0.14414414414414414, 0.1426269137792103, 0.14115781126090404, 0.1444184231069477, 0.14681014604150652, 0.15367146101438303, 0.15361670395227442, 0.15429831006612785, 0.15423606082548877, 0.15488936473947182, 0.1569317382125264, 0.157529493407356, 0.15811088295687886, 0.1586765698852127, 0.15722851432378415, 0.15779092702169625, 0.15898767034393252, 0.15823190262652145, 0.15939278937381404, 0.16052467207995003, 0.16471314003701418, 0.1675807434491164, 0.16857314870559903, 0.1701368233194527, 0.17401528512639625, 0.17547937245787332, 0.17576105686387133, 0.17660420215786485, 0.17798989331836046, 0.1793448084397557, 0.17847336628226249, 0.1808799565453558, 0.1832348199892531, 0.1850079744816587, 0.18674381904260914, 0.18896408120770433, 0.18907779495105614, 0.1917389087200408, 0.19232710752145382, 0.19290354822588707, 0.19445818901533893, 0.19500244977951983, 0.1965065502183406, 0.19942335415665546, 0.20038077106139934, 0.1999057048561999, 0.203176085941149, 0.2059231837112448, 0.20724438331040806, 0.2085415720127215, 0.2129671319225574, 0.213743864346274, 0.21494913754975675, 0.21525646646207802, 0.21555845284658845, 0.2154243860404998, 0.21657411362665527, 0.21812791190173655, 0.22091558168836622, 0.2232403165347772, 0.22387443205287072, 0.22490782466202375, 0.22592442096708654, 0.22611850060459493, 0.2267093162734906, 0.2268940896469655, 0.22668240850059032, 0.2268645060523233, 0.22743122820612166, 0.22722029988465975, 0.22624952308279284, 0.22642938280954183, 0.2254791431792559, 0.22603506154419992, 0.22621251388374677, 0.22675486953325982, 0.2276541408245166, 0.22745382107931908, 0.22833513124775262, 0.22920385576579794, 0.23076923076923078, 0.2305526223160859, 0.23138762670394966, 0.2322110378340854, 0.23198896932092383, 0.23348168435467306, 0.2342740564433866, 0.23606889564336372, 0.2364978195236498, 0.2372542485838054, 0.23800066203243958, 0.2390660966787241, 0.23979091800065339, 0.24083089905874716, 0.24217994195420833, 0.24223005446972123, 0.24450811843361986, 0.24485922176526415, 0.24394844388557058, 0.2442986566697907, 0.2443340577460416, 0.2452946621413144, 0.24563017479300828, 0.2462663822005486, 0.2475007573462587, 0.24811803673592292, 0.24872792577072733, 0.24814043439452543, 0.24963028689736763, 0.25051455454278154, 0.2519731072785735, 0.2528334786399303, 0.2545507078878937, 0.255960930767021, 0.2550699800057126, 0.25532519170690143, 0.25501270827449873], "correct": 0.2, "accuracy": 0.25501270827449873}