{"correctHistory": [0.1, 0.0, 0.1, 0.2, 0.1, 0.0, 0.0, 0.0, 0.2, 0.1, 0.2, 0.1, 0.0, 0.1, 0.2, 0.1, 0.0, 0.0, 0.0, 0.0, 0.1, 0.1, 0.2, 0.1, 0.1, 0.0, 0.3, 0.0, 0.0, 0.2, 0.1, 0.2, 0.0, 0.0, 0.3, 0.3, 0.3, 0.1, 0.1, 0.2, 0.1, 0.1, 0.1, 0.0, 0.2, 0.1, 0.1, 0.1, 0.2, 0.0, 0.3, 0.1, 0.2, 0.1, 0.1, 0.2, 0.0, 0.0, 0.0, 0.0, 0.2, 0.1, 0.1, 0.0, 0.0, 0.0, 0.2, 0.0, 0.0, 0.1, 0.0, 0.1, 0.0, 0.1, 0.1, 0.1, 0.0, 0.0, 0.0, 0.0, 0.0, 0.0, 0.1, 0.3, 0.1, 0.2, 0.2, 0.1, 0.2, 0.2, 0.2, 0.0, 0.1, 0.1, 0.0, 0.0, 0.3, 0.1, 0.1, 0.1, 0.0, 0.1, 0.2, 0.2, 0.3, 0.0, 0.2, 0.0, 0.0, 0.2, 0.2, 0.4, 0.1, 0.3, 0.4, 0.1, 0.3, 0.2, 0.1, 0.1, 0.1, 0.3, 0.1, 0.2, 0.3, 0.1, 0.3, 0.5, 0.3, 0.2, 0.7, 0.2, 0.1, 0.3, 0.2, 0.2, 0.2, 0.3, 0.2, 0.4, 0.3, 0.3, 0.2, 0.3, 0.2, 0.2, 0.1, 0.4, 0.2, 0.1, 0.5, 0.3, 0.3, 0.3, 0.0, 0.1, 0.0, 0.4, 0.2, 0.1, 0.2, 0.3, 0.5, 0.2, 0.0, 0.2, 0.2, 0.3, 0.4, 0.0, 0.0, 0.6, 0.1, 0.1, 0.2, 0.0, 0.2, 0.2, 0.3, 0.1, 0.4, 0.4, 0.4, 0.3, 0.3, 0.5, 0.3], "accuracyHistory": [1.0, 0.09090909090909091, 0.09523809523809523, 0.12903225806451613, 0.12195121951219512, 0.09803921568627451, 0.08196721311475409, 0.07042253521126761, 0.08641975308641975, 0.08791208791208792, 0.09900990099009901, 0.0990990990990991, 0.09090909090909091, 0.0916030534351145, 0.09929078014184398, 0.09933774834437085, 0.09316770186335403, 0.08771929824561403, 0.08287292817679558, 0.07853403141361257, 0.07960199004975124, 0.08056872037914692, 0.08597285067873303, 0.08658008658008658, 0.08713692946058091, 0.08366533864541832, 0.09195402298850575, 0.08856088560885608, 0.08540925266903915, 0.08934707903780069, 0.08970099667774087, 0.0932475884244373, 0.09034267912772585, 0.08761329305135952, 0.093841642228739, 0.09971509971509972, 0.10526315789473684, 0.10512129380053908, 0.10498687664041995, 0.10741687979539642, 0.10723192019950124, 0.1070559610705596, 0.10688836104513064, 0.10440835266821345, 0.10657596371882086, 0.10643015521064302, 0.10629067245119306, 0.10615711252653928, 0.10810810810810811, 0.10590631364562118, 0.10978043912175649, 0.1095890410958904, 0.11132437619961612, 0.1111111111111111, 0.11090573012939002, 0.11252268602540835, 0.11051693404634581, 0.1085814360770578, 0.10671256454388985, 0.10490693739424704, 0.1064891846921797, 0.10638297872340426, 0.10628019323671498, 0.1045958795562599, 0.1029641185647426, 0.10138248847926268, 0.10287443267776097, 0.10134128166915052, 0.09985315712187959, 0.09985528219971057, 0.09843081312410841, 0.09845288326300984, 0.0970873786407767, 0.09712722298221614, 0.09716599190283401, 0.09720372836218376, 0.09592641261498029, 0.0946822308690013, 0.09346991037131883, 0.0922882427307206, 0.09113607990012484, 0.09001233045622688, 0.09013398294762484, 0.09265944645006016, 0.09274673008323424, 0.09400705052878966, 0.09523809523809523, 0.09529276693455797, 0.09648127128263337, 0.09764309764309764, 0.09877913429522753, 0.09769484083424808, 0.09771986970684039, 0.09774436090225563, 0.09670563230605739, 0.09568874868559411, 0.09781477627471384, 0.09783728115345006, 0.09785932721712538, 0.09788092835519677, 0.0969030969030969, 0.09693372898120672, 0.0979431929480901, 0.09893307468477207, 0.10086455331412104, 0.09990485252140818, 0.10084825636192271, 0.09990662931839403, 0.09898242368177614, 0.0999083409715857, 0.1008174386920981, 0.1035103510351035, 0.10347903657448707, 0.10521662245800177, 0.10780017528483786, 0.10773240660295395, 0.10938845822566753, 0.11016225448334757, 0.1100762066045724, 0.10999160369437448, 0.10990840965861781, 0.11147811725846409, 0.11138411138411139, 0.11210398050365557, 0.11361804995970991, 0.1135091926458833, 0.11498810467882632, 0.11801730920535011, 0.11943793911007025, 0.12006196746707978, 0.1245196003074558, 0.12509534706331046, 0.12490537471612415, 0.12622088655146507, 0.1267710663683818, 0.12731310140636565, 0.1278471711976488, 0.12910284463894967, 0.12961622013034033, 0.13156002875629044, 0.13276231263383298, 0.1339475549255847, 0.13441238564391272, 0.13556953179594688, 0.13601665510062458, 0.13645761543762921, 0.13620807665982204, 0.1380013596193066, 0.13841998649561107, 0.1381623071763917, 0.14057295136575615, 0.14162806088682992, 0.14266929651545035, 0.14369693011103854, 0.1427644386761843, 0.14248871695680207, 0.14157591287636132, 0.14322087842138764, 0.14358001265022138, 0.1433060967944689, 0.14366021236727045, 0.1446306641837368, 0.14682294879703886, 0.14714898835070508, 0.14625228519195613, 0.1465778316172017, 0.1468994581577363, 0.1478156792339916, 0.14931588340273647, 0.14843287995269072, 0.1475602586713698, 0.15020455873758037, 0.14991284137129576, 0.14962449451184287, 0.1499138426191844, 0.14905768132495717, 0.14934696195343555, 0.14963297571993225, 0.15047725996631106, 0.15019542155220547, 0.1515824541921155, 0.1529541689674213, 0.1543108182317408, 0.15510649918077554, 0.155893536121673, 0.157752566180443, 0.15851692638366469]}