{"correctHistory": [0.4, 0.1, 0.1, 0.2, 0.1, 0.1, 0.2, 0.3, 0.2, 0.0, 0.1, 0.3, 0.1, 0.0, 0.0, 0.0, 0.2, 0.1, 0.1, 0.1, 0.0, 0.1, 0.2, 0.1, 0.1, 0.1, 0.0, 0.3, 0.3, 0.3, 0.1, 0.1, 0.4, 0.1, 0.6, 0.3, 0.3, 0.1, 0.0, 0.2, 0.0, 0.2, 0.3, 0.3, 0.0, 0.2, 0.1, 0.5, 0.2, 0.2, 0.2, 0.6, 0.2, 0.3, 0.1, 0.3, 0.2, 0.2, 0.0, 0.1, 0.3, 0.1, 0.1, 0.0, 0.3, 0.1, 0.3, 0.2, 0.4, 0.2, 0.1, 0.2, 0.0, 0.2, 0.2, 0.2, 0.2, 0.7, 0.4, 0.3, 0.1, 0.1, 0.5, 0.3, 0.1, 0.1, 0.3, 0.3, 0.2, 0.3, 0.1, 0.3, 0.3, 0.1, 0.4, 0.2, 0.3, 0.5, 0.5, 0.3, 0.2, 0.0, 0.4, 0.2, 0.6, 0.0, 0.4, 0.0, 0.0, 0.4, 0.1, 0.3, 0.1, 0.2, 0.1, 0.5, 0.1, 0.2, 0.1, 0.1, 0.2, 0.3, 0.2, 0.2, 0.1, 0.1, 0.1, 0.4, 0.1, 0.3, 0.4, 0.1, 0.1, 0.2, 0.2, 0.4, 0.0, 0.2, 0.2, 0.5, 0.4, 0.2, 0.2, 0.1, 0.0, 0.3, 0.1, 0.6, 0.2, 0.1, 0.4, 0.3, 0.5, 0.3, 0.0, 0.1, 0.2, 0.1, 0.3, 0.2, 0.3, 0.4, 0.2, 0.3, 0.4, 0.6, 0.1, 0.2, 0.5, 0.1, 0.1, 0.4, 0.1, 0.2], "accuracyHistory": [0.36363636363636365, 0.23809523809523808, 0.1935483870967742, 0.1951219512195122, 0.17647058823529413, 0.16393442622950818, 0.16901408450704225, 0.18518518518518517, 0.18681318681318682, 0.16831683168316833, 0.16216216216216217, 0.17355371900826447, 0.16793893129770993, 0.15602836879432624, 0.1456953642384106, 0.13664596273291926, 0.14035087719298245, 0.13812154696132597, 0.13612565445026178, 0.13432835820895522, 0.12796208530805686, 0.12669683257918551, 0.12987012987012986, 0.12863070539419086, 0.12749003984063745, 0.12643678160919541, 0.12177121771217712, 0.12811387900355872, 0.13402061855670103, 0.13953488372093023, 0.1382636655948553, 0.13707165109034267, 0.14501510574018128, 0.1436950146627566, 0.15669515669515668, 0.16066481994459833, 0.16442048517520216, 0.16272965879265092, 0.1585677749360614, 0.1596009975062344, 0.15571776155717762, 0.15676959619952494, 0.16009280742459397, 0.16326530612244897, 0.15964523281596452, 0.16052060737527116, 0.1592356687898089, 0.16632016632016633, 0.1670061099796334, 0.16766467065868262, 0.16829745596868884, 0.1765834932821497, 0.17702448210922786, 0.17929759704251386, 0.17785843920145192, 0.1800356506238859, 0.18038528896672504, 0.18072289156626506, 0.17766497461928935, 0.17637271214642264, 0.1783960720130933, 0.17713365539452497, 0.17591125198098256, 0.1731669266770671, 0.17511520737327188, 0.17397881996974282, 0.17585692995529062, 0.1762114537444934, 0.17945007235890015, 0.1797432239657632, 0.17862165963431786, 0.17891816920943135, 0.17647058823529413, 0.1767881241565452, 0.17709720372836218, 0.1773981603153745, 0.17769130998702984, 0.18437900128040974, 0.18710493046776233, 0.18851435705368288, 0.187422934648582, 0.18635809987819732, 0.1901323706377858, 0.19143876337693222, 0.19036427732079905, 0.18931475029036005, 0.19058553386911595, 0.19182746878547105, 0.1919191919191919, 0.19311875693673697, 0.19209659714599342, 0.19326818675352878, 0.19441460794844254, 0.19341126461211477, 0.19558359621451105, 0.19562955254942768, 0.19670442842430483, 0.199796126401631, 0.20282542885973764, 0.2037962037962038, 0.20375865479723046, 0.20176297747306562, 0.20368574199806014, 0.20365033621517772, 0.20742150333016174, 0.2054665409990575, 0.20728291316526612, 0.2053654024051804, 0.20348304307974335, 0.2052679382379655, 0.20432043204320433, 0.20517395182872436, 0.20424403183023873, 0.2042068361086766, 0.20330147697654213, 0.2058570198105082, 0.2049530315969257, 0.20491109229466553, 0.2040302267002519, 0.2031640299750208, 0.20313790255986788, 0.20393120393120392, 0.20389926888708368, 0.20386784850926673, 0.20303756994404476, 0.20222045995241872, 0.2014162077104642, 0.2029664324746292, 0.2021688613477924, 0.20292083013066872, 0.2044241037376049, 0.2036336109008327, 0.20285499624342598, 0.20283370618941088, 0.20281273131014063, 0.20426157237325496, 0.20277169948942378, 0.20275162925416365, 0.20273184759166069, 0.20485367594575304, 0.20623671155209072, 0.20619282195636876, 0.20614954577218728, 0.20541290770298404, 0.2039972432804962, 0.20465434633812457, 0.20394289598912305, 0.20661715057393654, 0.20657276995305165, 0.20586275816122585, 0.2071475843812045, 0.20775805391190005, 0.20966688438928804, 0.21025308241401688, 0.20889748549323017, 0.20819987187700192, 0.20814767663908337, 0.20746363061353573, 0.20804525455688247, 0.20799500312304808, 0.2085661080074488, 0.20974706971005552, 0.20968730839975475, 0.21023765996343693, 0.2113870381586917, 0.21372667068031306, 0.2130460801915021, 0.21296847114812612, 0.21466587817859256, 0.2139917695473251, 0.21332554061952075, 0.21441022661243464, 0.21374927787406123, 0.21367030442274554], "correct": 0.2, "accuracy": 0.21367030442274554}